<?xml version="1.0" encoding="UTF-8"?>
<features  xmlns="http://karaf.apache.org/xmlns/features/v1.0.0"
    xmlns:xsi="http://www.w3.org/2001/XMLSchema-instance"
    xsi:schemaLocation="http://karaf.apache.org/xmlns/features/v1.0.0 http://karaf.apache.org/xmlns/features/v1.0.0"
    name = "taskManagement">
	<feature name='subModule' version='${project.version}'>
		<bundle>mvn:com.system.assignee/assignee/1.0-SNAPSHOT</bundle>
		<bundle>mvn:com.system.task/task/1.0-SNAPSHOT</bundle>
		<bundle>mvn:com.system/orm/1.0-SNAPSHOT</bundle>
		<bundle>mvn:com.system/connection/1.0-SNAPSHOT</bundle>
	</feature>	
</features>